{
  "css_parse": [
    12798.277559055117,
    62.46259842519685
  ],
  "js_evaluate": [
    691222.0941601051,
    112531.7526246719
  ],
  "html_parse": [
    95032.62664041996,
    22804.392716535433
  ],
  "js_function": [
    1323755.053805774,
    297908.54527559056
  ],
  "style_recalc": [
    161076.69324146982,
    7936.511811023622
  ],
  "layout": [
    143420.04921259842,
    7004.518700787402
  ],
  "update_layer": [
    145076.92979002628,
    745.8188976377953
  ],
  "paint": [
    85681.3405511811,
    4.8700787401574805
  ],
  "paint_image": [
    0.0,
    0.0
  ],
  "composite": [
    0.0,
    0.0
  ],
  "xhr": [
    20823.819881889765,
    5768.229002624672
  ]
}