{
  "css_parse": [
    9933.285140562248,
    28.789156626506017
  ],
  "js_evaluate": [
    872918.0863453816,
    127982.828313253
  ],
  "html_parse": [
    110752.35140562248,
    20620.435742971888
  ],
  "js_function": [
    1636147.074297189,
    311307.296184739
  ],
  "style_recalc": [
    232371.20381526102,
    17093.45281124498
  ],
  "layout": [
    159655.42269076305,
    8387.519076305223
  ],
  "update_layer": [
    262865.9477911647,
    1350.4819277108434
  ],
  "paint": [
    122898.41164658636,
    881.1114457831327
  ],
  "paint_image": [
    9796.90763052209,
    171.62550200803216
  ],
  "composite": [
    256999.2891566265,
    12856.45481927711
  ],
  "xhr": [
    25933.326305220886,
    4932.987951807229
  ]
}