{
  "HTML": {
    "total": 1425.6666666666285,
    "ad": 141.91666666666677,
    "ad_plus_inherited": 227.5833333333339
  },
  "Image": {
    "total": 13847.333333336108,
    "ad": 1076.2500000000084,
    "ad_plus_inherited": 1385.166666666628
  },
  "unknown": {
    "total": 692.9166666666697,
    "ad": 39.66666666666668,
    "ad_plus_inherited": 126.41666666666649
  },
  "Font": {
    "total": 636.1666666666762,
    "ad": 0.0,
    "ad_plus_inherited": 11.25
  },
  "Script": {
    "total": 14922.333333336668,
    "ad": 1365.666666666648,
    "ad_plus_inherited": 1548.2499999999814
  },
  "Stylesheet": {
    "total": 1935.749999999942,
    "ad": 18.666666666666664,
    "ad_plus_inherited": 24.0
  },
  "XHR": {
    "total": 1588.9166666666358,
    "ad": 68.00000000000004,
    "ad_plus_inherited": 68.00000000000004
  },
  "Media": {
    "total": 79.49999999999994,
    "ad": 0.0,
    "ad_plus_inherited": 2.5
  },
  "Document": {
    "total": 463.66666666666345,
    "ad": 48.833333333333385,
    "ad_plus_inherited": 73.74999999999993
  },
  "Other": {
    "total": 461.5833333333296,
    "ad": 29.749999999999993,
    "ad_plus_inherited": 29.749999999999993
  },
  "XML": {
    "total": 70.16666666666667,
    "ad": 19.5,
    "ad_plus_inherited": 19.5
  },
  "Fetch": {
    "total": 204.58333333333405,
    "ad": 65.66666666666671,
    "ad_plus_inherited": 65.66666666666671
  }
}