{
  "google.com": {
    "total": 607863,
    "ad": 11458,
    "ratio": 0.018849642106856315
  },
  "finance.yahoo.com": {
    "total": 9455367,
    "ad": 529130,
    "ratio": 0.055960810405349684
  },
  "reddit.com": {
    "total": 4259694,
    "ad": 71002,
    "ratio": 0.016668333453060243
  },
  "espn.com": {
    "total": 14432304,
    "ad": 505871,
    "ratio": 0.035051298808561684
  },
  "cnn.com": {
    "total": 10305656,
    "ad": 722393,
    "ratio": 0.07009675075511933
  },
  "dropbox.com": {
    "total": 6073193,
    "ad": 27476,
    "ratio": 0.004524144054042083
  },
  "twitch.tv": {
    "total": 12024020,
    "ad": 2954658,
    "ratio": 0.2457296311882382
  },
  "nytimes.com": {
    "total": 10921063,
    "ad": 2856607,
    "ratio": 0.26156858540235506
  },
  "walmart.com": {
    "total": 2663933,
    "ad": 3126,
    "ratio": 0.0011734529359409564
  },
  "stackoverflowbusiness.com": {
    "total": 3363659,
    "ad": 9219,
    "ratio": 0.0027407653391737985
  },
  "imdb.com": {
    "total": 1535500,
    "ad": 4849,
    "ratio": 0.0031579290133507
  },
  "msn.com": {
    "total": 5954338,
    "ad": 16407,
    "ratio": 0.0027554700455365484
  },
  "foxnews.com": {
    "total": 13783993,
    "ad": 1886752,
    "ratio": 0.13687993022051012
  },
  "washingtonpost.com": {
    "total": 3828497,
    "ad": 1515546,
    "ratio": 0.3958592627864146
  },
  "fandom.com": {
    "total": 2972210,
    "ad": 46304,
    "ratio": 0.015578979950945593
  },
  "serverfault.com": {
    "total": 884444,
    "ad": 106212,
    "ratio": 0.12008900506985179
  },
  "bbc.com": {
    "total": 15703678,
    "ad": 2191365,
    "ratio": 0.13954469774533074
  },
  "breitbart.com": {
    "total": 8080509,
    "ad": 2689233,
    "ratio": 0.33280490127540235
  },
  "forbes.com": {
    "total": 5163265,
    "ad": 63021,
    "ratio": 0.01220564894499895
  },
  "cnet.com": {
    "total": 7296026,
    "ad": 2159549,
    "ratio": 0.29598976209788724
  },
  "patch.com": {
    "total": 2144574,
    "ad": 74820,
    "ratio": 0.034888047696185816
  },
  "airbnb.com": {
    "total": 4156343,
    "ad": 71429,
    "ratio": 0.017185540269414722
  },
  "theguardian.com": {
    "total": 4700280,
    "ad": 304891,
    "ratio": 0.0648665611410384
  },
  "gfycat.com": {
    "total": 2006957,
    "ad": 156428,
    "ratio": 0.07794287570685371
  },
  "glassdoor.com": {
    "total": 9771215,
    "ad": 382623,
    "ratio": 0.03915818043099041
  },
  "zoom.us": {
    "total": 4884626,
    "ad": 491,
    "ratio": 0.00010051946658761592
  },
  "target.com": {
    "total": 6988288,
    "ad": 1314940,
    "ratio": 0.18816339567001245
  },
  "shoppingcart.aliexpress.com": {
    "total": 5714650,
    "ad": 49461,
    "ratio": 0.008655123235893711
  },
  "microsoft.com": {
    "total": 3569593,
    "ad": 3093,
    "ratio": 0.0008664853388047321
  },
  "box.com": {
    "total": 6497270,
    "ad": 357,
    "ratio": 5.494615430788624e-05
  },
  "amazon.co.uk": {
    "total": 6751568,
    "ad": 563,
    "ratio": 8.338803667533231e-05
  },
  "xhamster.com": {
    "total": 1533748,
    "ad": 46054,
    "ratio": 0.030027097019849416
  },
  "thepiratebay.org": {
    "total": 309997,
    "ad": 14396,
    "ratio": 0.04643915908863634
  },
  "wsj.com": {
    "total": 5936902,
    "ad": 357783,
    "ratio": 0.06026425903611008
  },
  "w3schools.com": {
    "total": 6684538,
    "ad": 1715504,
    "ratio": 0.25663763150123464
  },
  "chaturbate.com": {
    "total": 1982540,
    "ad": 9641,
    "ratio": 0.004862953584795262
  },
  "designers.weebly.com": {
    "total": 1549390,
    "ad": 25968,
    "ratio": 0.016760144314859397
  },
  "mlb.com": {
    "total": 6668616,
    "ad": 384559,
    "ratio": 0.057666988172658314
  },
  "huffpost.com": {
    "total": 2608105,
    "ad": 52478,
    "ratio": 0.02012112242413553
  },
  "vimeo.com": {
    "total": 2429350,
    "ad": 64371,
    "ratio": 0.026497211188177907
  },
  "vice.com": {
    "total": 4681368,
    "ad": 537633,
    "ratio": 0.11484527599624725
  },
  "tripadvisor.com": {
    "total": 1854034,
    "ad": 59737,
    "ratio": 0.032220013225215935
  },
  "booking.com": {
    "total": 2738626,
    "ad": 27105,
    "ratio": 0.009897298864467071
  },
  "cnbc.com": {
    "total": 9183245,
    "ad": 2350438,
    "ratio": 0.2559485236427864
  },
  "brobible.com": {
    "total": 7202497,
    "ad": 1034941,
    "ratio": 0.143691972381245
  },
  "heavy.com": {
    "total": 8142230,
    "ad": 4091177,
    "ratio": 0.5024639441528918
  },
  "cbssports.com": {
    "total": 15224926,
    "ad": 7622235,
    "ratio": 0.5006418422000869
  },
  "aol.com": {
    "total": 3131195,
    "ad": 23860,
    "ratio": 0.0076200939258014916
  },
  "buzzfeed.com": {
    "total": 10111983,
    "ad": 2759411,
    "ratio": 0.2728852491148373
  },
  "goodreads.com": {
    "total": 10144378,
    "ad": 1371494,
    "ratio": 0.13519744630967023
  },
  "chegg.com": {
    "total": 2421590,
    "ad": 10237,
    "ratio": 0.004227387790666463
  },
  "apnews.com": {
    "total": 4136265,
    "ad": 826201,
    "ratio": 0.19974566426474125
  },
  "nypost.com": {
    "total": 7540439,
    "ad": 2548877,
    "ratio": 0.3380276665589364
  },
  "nbcnews.com": {
    "total": 3266900,
    "ad": 202685,
    "ratio": 0.06204199700021427
  },
  "doctor.webmd.com": {
    "total": 6222546,
    "ad": 963572,
    "ratio": 0.15485172789401638
  },
  "npr.org": {
    "total": 1620595,
    "ad": 31176,
    "ratio": 0.019237378863935777
  },
  "wix.com": {
    "total": 5535307,
    "ad": 3793,
    "ratio": 0.0006852375125715701
  },
  "westernjournal.com": {
    "total": 7422240,
    "ad": 2478005,
    "ratio": 0.3338621494319774
  },
  "schoology.com": {
    "total": 3097200,
    "ad": 28451,
    "ratio": 0.009186039002970424
  }
}