{
  "css_parse": [
    14418.468678977271,
    142.16666666666669
  ],
  "js_evaluate": [
    891415.3833451704,
    190694.0494791667
  ],
  "html_parse": [
    116814.93694365528,
    30468.731001420456
  ],
  "js_function": [
    1949419.0033499054,
    468593.20922111743
  ],
  "style_recalc": [
    255425.33097774617,
    18317.421756628784
  ],
  "layout": [
    234385.9908499053,
    20752.255977746212
  ],
  "update_layer": [
    190487.91542376892,
    6826.589370265151
  ],
  "paint": [
    153965.49648437498,
    1062.3318536931818
  ],
  "paint_image": [
    8489.840044981063,
    368.0118371212121
  ],
  "composite": [
    137144.27218276515,
    7776.980232007575
  ],
  "xhr": [
    28226.514192708335,
    10350.47703598485
  ]
}