{
  "css_parse": [
    11258.737288135593,
    16.18220338983051
  ],
  "js_evaluate": [
    798634.0254237289,
    103320.25847457627
  ],
  "html_parse": [
    87968.83050847458,
    15456.987288135593
  ],
  "js_function": [
    1415556.9802259887,
    310522.04802259884
  ],
  "style_recalc": [
    149334.5988700565,
    14018.67231638418
  ],
  "layout": [
    121366.15254237287,
    7532.823446327683
  ],
  "update_layer": [
    161234.4406779661,
    1228.0324858757062
  ],
  "paint": [
    75528.13841807909,
    1677.4435028248586
  ],
  "paint_image": [
    5569.62429378531,
    128.5988700564972
  ],
  "composite": [
    148846.15254237287,
    16648.0790960452
  ],
  "xhr": [
    18299.460451977404,
    4519.949152542373
  ]
}