{
  "css_parse": [
    14639.73103543743,
    166.25470653377633
  ],
  "js_evaluate": [
    992202.0737126246,
    223083.58111849392
  ],
  "html_parse": [
    130060.41590531562,
    35639.885312846076
  ],
  "js_function": [
    2198068.0882475083,
    548569.6654900332
  ],
  "style_recalc": [
    255262.03716777408,
    21422.110049833882
  ],
  "layout": [
    240426.2698643411,
    24269.92448781838
  ],
  "update_layer": [
    195133.44483665557,
    7983.254014396455
  ],
  "paint": [
    167519.28730620156,
    1242.7457779623478
  ],
  "paint_image": [
    8881.970861018826,
    430.41362126245855
  ],
  "composite": [
    140840.82184385383,
    9095.179540420819
  ],
  "xhr": [
    32382.27816998893,
    12123.162513842748
  ]
}