{
  "css_parse": [
    10117.640449438202,
    13.424157303370784
  ],
  "js_evaluate": [
    596307.1994382023,
    59666.940543071156
  ],
  "html_parse": [
    71529.47003745318,
    9615.147003745318
  ],
  "js_function": [
    1013135.1179775284,
    145159.5725655431
  ],
  "style_recalc": [
    182039.3656367041,
    7962.524812734082
  ],
  "layout": [
    128481.42041198502,
    3911.0341760299634
  ],
  "update_layer": [
    196125.22659176035,
    628.5870786516854
  ],
  "paint": [
    81761.0941011236,
    410.85533707865176
  ],
  "paint_image": [
    7345.805711610487,
    79.88998127340825
  ],
  "composite": [
    198913.08895131093,
    5991.14466292135
  ],
  "xhr": [
    15164.395599250933,
    2300.2134831460676
  ]
}