{
  "css_parse": [
    13178.8525,
    79.3275
  ],
  "js_evaluate": [
    801570.6370833335,
    143498.33583333332
  ],
  "html_parse": [
    111047.29833333334,
    29113.81375
  ],
  "js_function": [
    1567581.395833333,
    381531.34
  ],
  "style_recalc": [
    182394.25541666668,
    10132.6475
  ],
  "layout": [
    158508.1125,
    8953.20125
  ],
  "update_layer": [
    172901.32833333337,
    951.605
  ],
  "paint": [
    107737.91,
    6.185
  ],
  "paint_image": [
    0.0,
    0.0
  ],
  "composite": [
    0.0,
    0.0
  ],
  "xhr": [
    22144.80875,
    7350.868333333334
  ]
}