{
  "XHR": {
    "total": 1588.916666666663,
    "ad": 68.00000000000006,
    "ad_plus_inherited": 68.00000000000006
  },
  "Image": {
    "total": 13847.333333334176,
    "ad": 1076.2500000000177,
    "ad_plus_inherited": 1385.1666666666772
  },
  "HTML": {
    "total": 1425.6666666666713,
    "ad": 141.9166666666666,
    "ad_plus_inherited": 227.5833333333338
  },
  "Media": {
    "total": 79.50000000000003,
    "ad": 0.0,
    "ad_plus_inherited": 2.5
  },
  "Document": {
    "total": 463.6666666666633,
    "ad": 48.83333333333337,
    "ad_plus_inherited": 73.75000000000007
  },
  "XML": {
    "total": 70.16666666666667,
    "ad": 19.5,
    "ad_plus_inherited": 19.5
  },
  "Font": {
    "total": 636.166666666666,
    "ad": 0.0,
    "ad_plus_inherited": 11.25
  },
  "Fetch": {
    "total": 204.58333333333346,
    "ad": 65.66666666666676,
    "ad_plus_inherited": 65.66666666666676
  },
  "Other": {
    "total": 461.5833333333305,
    "ad": 29.75,
    "ad_plus_inherited": 29.75
  },
  "unknown": {
    "total": 692.916666666663,
    "ad": 39.666666666666664,
    "ad_plus_inherited": 126.41666666666642
  },
  "Stylesheet": {
    "total": 1935.7499999999934,
    "ad": 18.66666666666667,
    "ad_plus_inherited": 24.000000000000007
  },
  "Script": {
    "total": 14922.333333334838,
    "ad": 1365.6666666666622,
    "ad_plus_inherited": 1548.2499999999773
  }
}