{
  "Script": {
    "total": 49268.433333337736,
    "ad": 9410.34999999931,
    "ad_plus_inherited": 11206.86666666618
  },
  "HTML": {
    "total": 4798.4500000001735,
    "ad": 1174.9833333333427,
    "ad_plus_inherited": 1995.9333333333068
  },
  "Image": {
    "total": 46817.43333333105,
    "ad": 6758.016666666442,
    "ad_plus_inherited": 10022.9166666661
  },
  "Font": {
    "total": 2990.683333333316,
    "ad": 33.0,
    "ad_plus_inherited": 354.6666666666671
  },
  "Stylesheet": {
    "total": 6755.466666666768,
    "ad": 212.74999999999986,
    "ad_plus_inherited": 353.03333333333364
  },
  "XML": {
    "total": 283.4833333333337,
    "ad": 152.08333333333326,
    "ad_plus_inherited": 153.58333333333326
  },
  "XHR": {
    "total": 5952.533333333256,
    "ad": 530.4166666666636,
    "ad_plus_inherited": 530.9166666666636
  },
  "Document": {
    "total": 1964.0333333333135,
    "ad": 127.0333333333332,
    "ad_plus_inherited": 349.8999999999999
  },
  "unknown": {
    "total": 3276.2666666667287,
    "ad": 278.53333333333444,
    "ad_plus_inherited": 1122.5666666666762
  },
  "Media": {
    "total": 265.61666666666713,
    "ad": 7.916666666666667,
    "ad_plus_inherited": 10.916666666666666
  },
  "Fetch": {
    "total": 932.7333333333374,
    "ad": 683.9166666666652,
    "ad_plus_inherited": 683.9166666666652
  },
  "Other": {
    "total": 2323.499999999968,
    "ad": 212.8333333333336,
    "ad_plus_inherited": 215.8333333333336
  }
}