{
  "google.com": {
    "total": 740412,
    "ad": 0,
    "ratio": 0.0
  },
  "youtube.com": {
    "total": 9515442,
    "ad": 4036170,
    "ratio": 0.4241705219789054
  },
  "amazon.com": {
    "total": 9613983,
    "ad": 38003,
    "ratio": 0.003952888204607809
  },
  "yahoo.com": {
    "total": 21736459,
    "ad": 3555795,
    "ratio": 0.16358667251183828
  },
  "facebook.com": {
    "total": 4635161,
    "ad": 0,
    "ratio": 0.0
  },
  "reddit.com": {
    "total": 7385197,
    "ad": 147052,
    "ratio": 0.01991172341103426
  },
  "wikipedia.org": {
    "total": 1534571,
    "ad": 0,
    "ratio": 0.0
  },
  "ebay.com": {
    "total": 9667925,
    "ad": 1861694,
    "ratio": 0.19256396796623887
  },
  "office.com": {
    "total": 3256803,
    "ad": 0,
    "ratio": 0.0
  },
  "bing.com": {
    "total": 2080303,
    "ad": 0,
    "ratio": 0.0
  },
  "netflix.com": {
    "total": 671166,
    "ad": 148360,
    "ratio": 0.22104814606222603
  },
  "force.com": {
    "total": 6862615,
    "ad": 0,
    "ratio": 0.0
  },
  "espn.com": {
    "total": 27861691,
    "ad": 3168814,
    "ratio": 0.11373372850915617
  },
  "live.com": {
    "total": 8660963,
    "ad": 0,
    "ratio": 0.0
  },
  "instructure.com": {
    "total": 9964497,
    "ad": 0,
    "ratio": 0.0
  },
  "chase.com": {
    "total": 3479112,
    "ad": 0,
    "ratio": 0.0
  },
  "apple.com": {
    "total": 2647507,
    "ad": 0,
    "ratio": 0.0
  },
  "instagram.com": {
    "total": 1318037,
    "ad": 0,
    "ratio": 0.0
  },
  "cnn.com": {
    "total": 6086641,
    "ad": 1631557,
    "ratio": 0.26805540198608724
  },
  "dropbox.com": {
    "total": 19915010,
    "ad": 59957,
    "ratio": 0.0030106437305328997
  },
  "tmall.com": {
    "total": 21887274,
    "ad": 0,
    "ratio": 0.0
  },
  "linkedin.com": {
    "total": 2553747,
    "ad": 782,
    "ratio": 0.00030621670823303954
  },
  "twitter.com": {
    "total": 1804795,
    "ad": 0,
    "ratio": 0.0
  },
  "myshopify.com": {
    "total": 303255,
    "ad": 0,
    "ratio": 0.0
  },
  "twitch.tv": {
    "total": 7783517,
    "ad": 130457,
    "ratio": 0.016760675154946024
  },
  "salesforce.com": {
    "total": 9061989,
    "ad": 0,
    "ratio": 0.0
  },
  "microsoft.com": {
    "total": 7280056,
    "ad": 0,
    "ratio": 0.0
  },
  "nytimes.com": {
    "total": 17628294,
    "ad": 2407944,
    "ratio": 0.13659540736046266
  },
  "craigslist.org": {
    "total": 1169074,
    "ad": 0,
    "ratio": 0.0
  },
  "adobe.com": {
    "total": 7667439,
    "ad": 0,
    "ratio": 0.0
  },
  "walmart.com": {
    "total": 6722643,
    "ad": 7464,
    "ratio": 0.0011102776095651666
  },
  "pornhub.com": {
    "total": 2912217,
    "ad": 363734,
    "ratio": 0.12489934644293334
  },
  "livejasmin.com": {
    "total": 19741970,
    "ad": 0,
    "ratio": 0.0
  },
  "stackoverflow.com": {
    "total": 1466855,
    "ad": 0,
    "ratio": 0.0
  },
  "sohu.com": {
    "total": 18798568,
    "ad": 984419,
    "ratio": 0.052366701548756264
  },
  "indeed.com": {
    "total": 1870522,
    "ad": 0,
    "ratio": 0.0
  },
  "qq.com": {
    "total": 3868751,
    "ad": 0,
    "ratio": 0.0
  },
  "zillow.com": {
    "total": 2931716,
    "ad": 0,
    "ratio": 0.0
  },
  "wellsfargo.com": {
    "total": 5534917,
    "ad": 0,
    "ratio": 0.0
  },
  "spotify.com": {
    "total": 2849475,
    "ad": 36900,
    "ratio": 0.012949753902034586
  },
  "imgur.com": {
    "total": 3556913,
    "ad": 0,
    "ratio": 0.0
  },
  "yelp.com": {
    "total": 3983907,
    "ad": 64855,
    "ratio": 0.0162792454743547
  },
  "etsy.com": {
    "total": 4958005,
    "ad": 0,
    "ratio": 0.0
  },
  "hulu.com": {
    "total": 5376772,
    "ad": 0,
    "ratio": 0.0
  },
  "taobao.com": {
    "total": 6632458,
    "ad": 0,
    "ratio": 0.0
  },
  "paypal.com": {
    "total": 1765863,
    "ad": 0,
    "ratio": 0.0
  },
  "foxnews.com": {
    "total": 22524689,
    "ad": 3110333,
    "ratio": 0.13808550253457438
  },
  "baidu.com": {
    "total": 1697417,
    "ad": 0,
    "ratio": 0.0
  },
  "wordpress.com": {
    "total": 2756959,
    "ad": 0,
    "ratio": 0.0
  },
  "jd.com": {
    "total": 786687,
    "ad": 0,
    "ratio": 0.0
  },
  "tumblr.com": {
    "total": 4355160,
    "ad": 0,
    "ratio": 0.0
  },
  "capitalone.com": {
    "total": 7648789,
    "ad": 0,
    "ratio": 0.0
  },
  "360.cn": {
    "total": 3127144,
    "ad": 0,
    "ratio": 0.0
  },
  "washingtonpost.com": {
    "total": 13474553,
    "ad": 2436404,
    "ratio": 0.18081520032612586
  },
  "soundcloud.com": {
    "total": 5530972,
    "ad": 0,
    "ratio": 0.0
  },
  "fandom.com": {
    "total": 5238210,
    "ad": 131384,
    "ratio": 0.025081850479457678
  },
  "okta.com": {
    "total": 10939978,
    "ad": 0,
    "ratio": 0.0
  },
  "blogspot.com": {
    "total": 5159169,
    "ad": 0,
    "ratio": 0.0
  },
  "pinterest.com": {
    "total": 4596797,
    "ad": 0,
    "ratio": 0.0
  },
  "intuit.com": {
    "total": 6671080,
    "ad": 30563,
    "ratio": 0.004581417101878557
  },
  "stackexchange.com": {
    "total": 1165515,
    "ad": 0,
    "ratio": 0.0
  },
  "quizlet.com": {
    "total": 2775050,
    "ad": 2231,
    "ratio": 0.0008039494783877767
  },
  "bbc.com": {
    "total": 10700136,
    "ad": 1919737,
    "ratio": 0.17941239251538485
  },
  "weather.com": {
    "total": 9508264,
    "ad": 1900087,
    "ratio": 0.19983532219972017
  },
  "xvideos.com": {
    "total": 6380212,
    "ad": 0,
    "ratio": 0.0
  },
  "medium.com": {
    "total": 3238263,
    "ad": 0,
    "ratio": 0.0
  },
  "breitbart.com": {
    "total": 4081644,
    "ad": 1571418,
    "ratio": 0.3849963397101756
  },
  "nih.gov": {
    "total": 2353941,
    "ad": 0,
    "ratio": 0.0
  },
  "github.com": {
    "total": 1877302,
    "ad": 0,
    "ratio": 0.0
  },
  "canva.com": {
    "total": 5232526,
    "ad": 0,
    "ratio": 0.0
  },
  "bestbuy.com": {
    "total": 3993102,
    "ad": 147,
    "ratio": 3.6813484854631814e-05
  },
  "businessinsider.com": {
    "total": 16420689,
    "ad": 495000,
    "ratio": 0.030144898304815346
  },
  "homedepot.com": {
    "total": 316885,
    "ad": 0,
    "ratio": 0.0
  },
  "zendesk.com": {
    "total": 10675844,
    "ad": 0,
    "ratio": 0.0
  },
  "sina.com.cn": {
    "total": 21922884,
    "ad": 60830,
    "ratio": 0.002774726171976278
  },
  "patch.com": {
    "total": 11786464,
    "ad": 0,
    "ratio": 0.0
  },
  "discordapp.com": {
    "total": 2057735,
    "ad": 0,
    "ratio": 0.0
  },
  "office365.com": {
    "total": 8813409,
    "ad": 0,
    "ratio": 0.0
  },
  "airbnb.com": {
    "total": 7513096,
    "ad": 107434,
    "ratio": 0.014299564387304514
  },
  "theguardian.com": {
    "total": 12204631,
    "ad": 432773,
    "ratio": 0.035459736554099834
  },
  "gfycat.com": {
    "total": 3980576,
    "ad": 246818,
    "ratio": 0.062005599189665014
  },
  "weibo.com": {
    "total": 4527511,
    "ad": 2270148,
    "ratio": 0.5014119236816874
  },
  "ups.com": {
    "total": 6440929,
    "ad": 0,
    "ratio": 0.0
  },
  "wikihow.com": {
    "total": 24600092,
    "ad": 0,
    "ratio": 0.0
  },
  "glassdoor.com": {
    "total": 11757154,
    "ad": 212957,
    "ratio": 0.01811297189779091
  },
  "zoom.us": {
    "total": 11604654,
    "ad": 0,
    "ratio": 0.0
  },
  "target.com": {
    "total": 11066373,
    "ad": 1958620,
    "ratio": 0.1769884315303668
  },
  "citi.com": {
    "total": 9644,
    "ad": 0,
    "ratio": 0.0
  },
  "aliexpress.com": {
    "total": 3450933,
    "ad": 0,
    "ratio": 0.0
  },
  "slickdeals.net": {
    "total": 6155477,
    "ad": 239816,
    "ratio": 0.038959775172582076
  },
  "roblox.com": {
    "total": 2647991,
    "ad": 0,
    "ratio": 0.0
  },
  "box.com": {
    "total": 12353201,
    "ad": 0,
    "ratio": 0.0
  },
  "healthline.com": {
    "total": 5623455,
    "ad": 661043,
    "ratio": 0.11755104290867448
  },
  "amazon.co.uk": {
    "total": 10261817,
    "ad": 827,
    "ratio": 8.059001636844626e-05
  },
  "pandora.com": {
    "total": 6966371,
    "ad": 2147,