{
  "youtube.com": {
    "total": 9515442,
    "ad": 4036170,
    "ratio": 0.4241705219789054
  },
  "amazon.com": {
    "total": 9613983,
    "ad": 38003,
    "ratio": 0.003952888204607809
  },
  "yahoo.com": {
    "total": 21736459,
    "ad": 3555795,
    "ratio": 0.16358667251183828
  },
  "reddit.com": {
    "total": 7385197,
    "ad": 147052,
    "ratio": 0.01991172341103426
  },
  "ebay.com": {
    "total": 9667925,
    "ad": 1861694,
    "ratio": 0.19256396796623887
  },
  "netflix.com": {
    "total": 671166,
    "ad": 148360,
    "ratio": 0.22104814606222603
  },
  "espn.com": {
    "total": 27861691,
    "ad": 3168814,
    "ratio": 0.11373372850915617
  },
  "cnn.com": {
    "total": 6086641,
    "ad": 1631557,
    "ratio": 0.26805540198608724
  },
  "dropbox.com": {
    "total": 19915010,
    "ad": 59957,
    "ratio": 0.0030106437305328997
  },
  "linkedin.com": {
    "total": 2553747,
    "ad": 782,
    "ratio": 0.00030621670823303954
  },
  "twitch.tv": {
    "total": 7783517,
    "ad": 130457,
    "ratio": 0.016760675154946024
  },
  "nytimes.com": {
    "total": 17628294,
    "ad": 2407944,
    "ratio": 0.13659540736046266
  },
  "walmart.com": {
    "total": 6722643,
    "ad": 7464,
    "ratio": 0.0011102776095651666
  },
  "pornhub.com": {
    "total": 2912217,
    "ad": 363734,
    "ratio": 0.12489934644293334
  },
  "sohu.com": {
    "total": 18798568,
    "ad": 984419,
    "ratio": 0.052366701548756264
  },
  "spotify.com": {
    "total": 2849475,
    "ad": 36900,
    "ratio": 0.012949753902034586
  },
  "yelp.com": {
    "total": 3983907,
    "ad": 64855,
    "ratio": 0.0162792454743547
  },
  "foxnews.com": {
    "total": 22524689,
    "ad": 3110333,
    "ratio": 0.13808550253457438
  },
  "washingtonpost.com": {
    "total": 13474553,
    "ad": 2436404,
    "ratio": 0.18081520032612586
  },
  "fandom.com": {
    "total": 5238210,
    "ad": 131384,
    "ratio": 0.025081850479457678
  },
  "intuit.com": {
    "total": 6671080,
    "ad": 30563,
    "ratio": 0.004581417101878557
  },
  "quizlet.com": {
    "total": 2775050,
    "ad": 2231,
    "ratio": 0.0008039494783877767
  },
  "bbc.com": {
    "total": 10700136,
    "ad": 1919737,
    "ratio": 0.17941239251538485
  },
  "weather.com": {
    "total": 9508264,
    "ad": 1900087,
    "ratio": 0.19983532219972017
  },
  "breitbart.com": {
    "total": 4081644,
    "ad": 1571418,
    "ratio": 0.3849963397101756
  },
  "bestbuy.com": {
    "total": 3321002,
    "ad": 147,
    "ratio": 4.4263749314213e-05
  },
  "businessinsider.com": {
    "total": 16420689,
    "ad": 495000,
    "ratio": 0.030144898304815346
  },
  "sina.com.cn": {
    "total": 21922884,
    "ad": 60830,
    "ratio": 0.002774726171976278
  },
  "airbnb.com": {
    "total": 7513096,
    "ad": 107434,
    "ratio": 0.014299564387304514
  },
  "theguardian.com": {
    "total": 12204631,
    "ad": 432773,
    "ratio": 0.035459736554099834
  },
  "gfycat.com": {
    "total": 3980576,
    "ad": 246818,
    "ratio": 0.062005599189665014
  },
  "weibo.com": {
    "total": 4527511,
    "ad": 2270148,
    "ratio": 0.5014119236816874
  },
  "glassdoor.com": {
    "total": 11757154,
    "ad": 212957,
    "ratio": 0.01811297189779091
  },
  "target.com": {
    "total": 11066373,
    "ad": 1958620,
    "ratio": 0.1769884315303668
  },
  "slickdeals.net": {
    "total": 6155477,
    "ad": 239816,
    "ratio": 0.038959775172582076
  },
  "healthline.com": {
    "total": 5623455,
    "ad": 661043,
    "ratio": 0.11755104290867448
  },
  "amazon.co.uk": {
    "total": 10261817,
    "ad": 827,
    "ratio": 8.059001636844626e-05
  },
  "pandora.com": {
    "total": 6966371,
    "ad": 2147,
    "ratio": 0.00030819489803227536
  },
  "wsj.com": {
    "total": 18975430,
    "ad": 3668688,
    "ratio": 0.1933388597781447
  },
  "w3schools.com": {
    "total": 12701371,
    "ad": 1212345,
    "ratio": 0.09544993213724723
  },
  "bbc.co.uk": {
    "total": 16273391,
    "ad": 2726814,
    "ratio": 0.16756274091859527
  },
  "chaturbate.com": {
    "total": 5259312,
    "ad": 207580,
    "ratio": 0.03946904081750617
  },
  "squarespace.com": {
    "total": 13622393,
    "ad": 8595,
    "ratio": 0.0006309464130127504
  },
  "weebly.com": {
    "total": 2460137,
    "ad": 13895,
    "ratio": 0.005648059437340278
  },
  "mlb.com": {
    "total": 24336327,
    "ad": 1127037,
    "ratio": 0.04631089153264582
  },
  "huffpost.com": {
    "total": 20097749,
    "ad": 122426,
    "ratio": 0.006091527961663766
  },
  "vimeo.com": {
    "total": 7188308,
    "ad": 128886,
    "ratio": 0.017929949579233388
  },
  "thesaurus.com": {
    "total": 10831746,
    "ad": 3797991,
    "ratio": 0.3506351607580163
  },
  "vice.com": {
    "total": 10246686,
    "ad": 336362,
    "ratio": 0.03282641821951019
  },
  "tripadvisor.com": {
    "total": 9742305,
    "ad": 1102785,
    "ratio": 0.11319549121075556
  },
  "nfl.com": {
    "total": 16734873,
    "ad": 434396,
    "ratio": 0.025957531915539483
  },
  "booking.com": {
    "total": 5519701,
    "ad": 60269,
    "ratio": 0.01091888854124526
  },
  "cnbc.com": {
    "total": 15935077,
    "ad": 1835763,
    "ratio": 0.11520264382782712
  },
  "brobible.com": {
    "total": 21827025,
    "ad": 6663857,
    "ratio": 0.3053030360298758
  },
  "realtor.com": {
    "total": 17379705,
    "ad": 3248703,
    "ratio": 0.18692509452835937
  },
  "heavy.com": {
    "total": 8011140,
    "ad": 3596620,
    "ratio": 0.44895233387507893
  },
  "godaddy.com": {
    "total": 164294,
    "ad": 2322,
    "ratio": 0.014133200238596662
  },
  "blackboard.com": {
    "total": 6146022,
    "ad": 897,
    "ratio": 0.0001459480620147471
  },
  "cbssports.com": {
    "total": 6792506,
    "ad": 2872629,
    "ratio": 0.4229115145426445
  },
  "aol.com": {
    "total": 12675125,
    "ad": 188865,
    "ratio": 0.014900444768789262
  },
  "buzzfeed.com": {
    "total": 14811278,
    "ad": 1148622,
    "ratio": 0.07755049901838315
  },
  "goodreads.com": {
    "total": 16426642,
    "ad": 4997692,
    "ratio": 0.3042430704948705
  },
  "chegg.com": {
    "total": 9420132,
    "ad": 39769,
    "ratio": 0.004221703050445578
  },
  "amazon.co.jp": {
    "total": 9357362,
    "ad": 860,
    "ratio": 9.19062445163498e-05
  },
  "dailymail.co.uk": {
    "total": 9519068,
    "ad": 2120807,
    "ratio": 0.22279565604531873
  },
  "drudgereport.com": {
    "total": 2381117,
    "ad": 710136,
    "ratio": 0.29823649992839496
  },
  "ticketmaster.com": {
    "total": 10234464,
    "ad": 84264,
    "ratio": 0.00823335740884916
  },
  "bloomberg.com": {
    "total": 23529352,
    "ad": 951259,
    "ratio": 0.04042861018866988
  },
  "nypost.com": {
    "total": 27164358,
    "ad": 6375845,
    "ratio": 0.2347136273200346
  },
  "yahoo.co.jp": {
    "total": 10671186,
    "ad": 500103,
    "ratio": 0.04686480021995681
  },
  "rakuten.com": {
    "total": 5503721,
    "ad": 423272,
    "ratio": 0.07690651470159915
  },
  "nbcnews.com": {
    "total": 18864499,
    "ad": 2496185,
    "ratio": 0.13232182842491602
  },
  "wayfair.com": {
    "total": 5492202,
    "ad": 25510,
    "ratio": 0.004644767253644349
  },
  "wowhead.com": {
    "total": 6106019,
    "ad": 1228315,
    "ratio": 0.20116462133511212
  },
  "creditonebank.com": {
    "total": 9477102,
    "ad": 129539,
    "ratio": 0.013668629925055149
  },
  "giphy.com": {
    "total": 32268763,
    "ad": 4964,
    "ratio": 0.00015383298083040866
  },
  "npr.org": {
    "total": 4765981,
    "ad": 452827,
    "ratio": 0.09501233848813077
  },
  "marriott.com": {
    "total": 18442903,
    "ad": 5037,
    "ratio": 0.0002731131861399477
  },
  "wix.com": {
    "total": 8645198,
    "ad": 4690,
    "ratio": 0.0005424976964090354
  },
  "okezone.com": {
    "total": 6827173,
    "ad": 1654394,
    "ratio": 0.24232489787500625
  },
  "groupon.com": {
    "total": 11651466,
    "ad": 4489839,
    "ratio": 0.38534541490315466
  },
  "babytree.com": {
    "total": 4121463,
    "ad": 55126,